id;title;description;created
1;mobile Fish;486f6d65204c6f616e204163636f756e74205461626c6520436f6d7075746572;2019-05-11T17:32:23
2;FTP Savings Account;6465706f736974205461737479204d6574616c204261636f6e20496d706c656d656e746174696f6e;2019-05-11T18:54:55
3;Officer;6d6574686f646f6c6f677920416c62616e6961;2019-05-11T08:34:02
4;intangible;656e61626c6520476f7267656f75732046726f7a656e2050616e7473;2019-05-11T13:20:51
5;Licensed Savings Account;43616d6272696467657368697265204d69737369737369707069;2019-05-11T17:49:09
6;Credit Card Account Table Small Frozen Sausages;536f7574682044616b6f746120656e766973696f6e656572204d75736963;2019-05-11T13:23:33
7;Monitored Bahamian Dollar Investment Account;47616d657320526567696f6e616c204469676974697a6564;2019-05-11T03:02:01
8;hardware Costa Rica Mayotte;496e647573747269616c;2019-05-10T22:43:09
9;Views e-enable Communications;4e6174696f6e616c20417765736f6d6520736b7920626c7565;2019-05-11T17:50:54
10;software scale interactive;4c6f75697369616e61205370656369616c69737420486f6d65204c6f616e204163636f756e74;2019-05-11T12:18:36
