id;image;image_content_type;title;description;height;width;taken;uploaded
1;536d616c6c;image/png;deliverables reinvent 24 hour;6f766572726964696e67;70685;71134;2019-05-11T01:26:16;2019-05-10T23:58:11
2;494220496e766573746d656e74204163636f756e742061726368697665;image/png;envisioneer;6d6f7261746f7269756d20706978656c207769746864726177616c;88721;56124;2019-05-11T07:36:03;2019-05-11T09:44:37
3;73796e74686573697a6520496461686f20636f6d7072657373;image/png;Sleek Metal Table Small;496e74656c6c6967656e74204f7574646f6f7273;63641;47537;2019-05-11T11:23:22;2019-05-11T05:24:55
4;72656c6174696f6e7368697073206f76657272696465;image/png;Brand;6e65757472616c2053616c6164;92969;62435;2019-05-10T23:32:21;2019-05-11T11:50:19
5;6d61726f6f6e;image/png;EXE projection Fresh;737570706f727420476f7267656f7573;22793;64769;2019-05-11T08:41:00;2019-05-11T18:55:17
6;737570706c792d636861696e73206d6167656e7461;image/png;encompassing;44697265637469766573;32320;21876;2019-05-11T06:28:59;2019-05-11T05:32:22
7;4275636b696e6768616d7368697265206361706162696c697479207a65726f20746f6c6572616e6365;image/png;mission-critical;4265726b736869726520536d616c6c20506c61737469632050616e747320496e766573746f72;23956;68070;2019-05-11T15:27:23;2019-05-11T06:11:30
8;42756c67617269616e204c6576206e61766967617465;image/png;Re-contextualized;7765622d656e61626c656420696e766f696365207769746864726177616c;53577;81643;2019-05-11T16:46:01;2019-05-10T23:46:26
9;4b656e7475636b7920416c67657269616e2044696e617220436c6f7468696e67;image/png;open-source turn-key;5361757361676573;69093;39757;2019-05-11T09:39:08;2019-05-11T06:30:29
10;476c6f62616c;image/png;Fiji Dollar Profound Bacon;4d6163616f2045717561746f7269616c204775696e656120566973696f6e2d6f7269656e746564;9310;96541;2019-05-10T21:24:03;2019-05-11T05:32:06
